Song Name,YouTube ID,Category,Branch
Aaj Ka Yeh Din,X7NPwFVgZSY,Praise,"Central, South"
All Things Are Possible,EqYBXFYYsxc,Praise,Central
"Be Bold, Be Strong",x9Bgxzk_P8w,Praise,Central
The Name of the Lord,bYrcrP1ysjw,Praise,"Central, South"
Build Your Kingdom Here,r-4bEbk1m_c,Praise,"Central, South"
Chillakar Gaoonga,W7IqTmN11Gw,Praise,"Central, South"
Dancing Generation,6P2A1VUZYss,Praise,"Central, South"
Everything That Has Breath,Iq_Q9Y6zDWs,Praise,"Central, South"
Fear Not for I Am with You,FwWPL8iPB64,Praise,"Central, South"
Flames,ad__P5ar8G8,Praise,"Central, South"
Forever (Give Thanks to the Lord),vziQffpVZ24,Praise,Central
Glorious Day,LfzpfqrPUDo,Praise,"Central, South"
God is Great,2SHhpBVuxl0,Praise,"Central, South"
Happy Day,vlWPGWfIvwU,Praise,"Central, South"
I Am Free,pbO4D9cRFCo,Praise,"Central, South"
I Believe,1USWVZjTRw8,Praise,Central
I Belong to Jesus,igbTZxbUc5o,Praise,Central
It's All About You,ArLrkBgrhmw,Praise,Central
Jalali Yesu,dRcxL_4R7P8,Praise,Central
Jashn Manaoonga,E6NHXIPBLqI,Praise,Central
King of Glory - Your Face Outshines,1Y-TYA7DefI,Praise,Central
King of Heaven,VO76W9Zw0cs,Praise,"Central, South"
"King of My Heart, King of My Soul",NnH812oh7I0,Praise,Central
You Are Good,Qk6Py5RW2AY,Praise,"Central, South"
Majesty,vNjH8QDpBFY,Praise,Central
My God,89OPH53Ad0Y,Praise,Central
My Lighthouse,reAlJKv7ptU,Praise,"Central, South"
My Redeemer Lives,3glYEDzSyok,Praise,"Central, South"
One Way,yAJnHGoo44E,Praise,Central
Praise Adonai,XpF7xpd-E-E,Praise,"Central, South"
Praise is Raising,_6t53HBih1I,Praise,Central
Rock of Ages,8_gD5pVhS3k,Praise,"Central, South"
Senao Ka Yahova Hamare Sang Sang Hai,Z4x2pkdbwOc,Praise,Central
Shout of the King (I Give You Praise),-qfJ7qBz_co,Praise,"Central, South"
Shouts of Joy and Victory,DUOAUwT2lgE,Praise,Central
Sing and Shout,Sw8lQ6dggGQ,Praise,Central
Take it All,0cYZOo04oUA,Praise,"Central, South"
Tera Anugrah Kaafi Hai,gvGrK7K5w0Y,Praise,Central
The Lord Reigns,xfVZpx3zBgA,Praise,"Central, South"
The Walls Will Come Down,PaCThULi2rU,Praise,Central
This is Amazing Grace,XFRjr_x-yxU,Praise,"Central, South"
This Is How We Overcome,JdCg8oqMlrQ,Praise,"Central, South"
Today is the Day,mGVbFiqAXhY,Praise,"Central, South"
Victorious God,ODWo5VdBlhM,Praise,"Central, South"
Walk Walk Walk Walk in the Light,JTIw5wddnjg,Praise,Central
Who is Like the Lord,gk6GASkBEUQ,Praise,"Central, South"
Yeshu Hai Sacha Gadariya,KwHzHS1wy2I,Praise,Central
Yeshu Vijayi Hai,-KVeUtI0OEg,Praise,Central
Yeshua is Lord,4slU_JjdhrU,Praise,Central
Your Grace is Enough,d7dW6d2-6B0,Praise,"Central, South"
Every Praise,VlJIMgh6Oec,Praise,"Central, South"
Trading my sorrows,2KsfwvpcQhY,Praise,"Central, South"
King of Majesty,BI3myzs_k3c,Praise,"Central, South"
10000 Armies,7nxmJY-UghM,Praise,"Central, South"
Praise,f2oxGYpuLkw,Praise,"Central, South"
Your Grace is Enough,d7dW6d2-6B0,Transitional,"Central, South"
For All You&apos;ve Done - Hillsong,XTlHrmNAMQk,Transitional,"Central, South"
Amazing Love,SbN_r_6aNq0,Transitional,"Central, South"
Arise,rG6583arkmw,Transitional,"Central, South"
Ascribe Greatness to Our God,02D3SMB21BI,Transitional,Central
Because He Lives,RFIr8-gH55E,Transitional,"Central, South"
Better is One Day in Your Courts,W4Fj9bbEmVk,Transitional,Central
Blessed Be Your Name,6AB3ku_c7Dw,Transitional,"Central, South"
Break Every Chain,ucY6NwQTI3M,Transitional,Central
Come Let Us Worship and Bow Down,NEK9u51ofZE,Transitional,"Central, South"
Control,VghvmL0G144,Transitional,Central
Cornerstone,izrk-erhDdk,Transitional,"Central, South"
Days of Elijah,ca9LnzJnpjQ,Transitional,Central
Worship You for Who You Are - Hillsong,bjxkxJnases,Transitional,Central
Everlasting God,JSHRThrP1O0,Transitional,"Central, South"
For All You&apos;ve Done,XTlHrmNAMQk,Transitional,"Central, South"
God My Rock,bavQSfhLHhc,Transitional,Central
God of This City,cEFGr1S8SkA,Transitional,Central
God of Wonders,r9orlWiaDfM,Transitional,"Central, South"
Hallelujah to My King,vdZ5tUHrj_Q,Transitional,Central
He Walked Where I Walk,jz2TuUOl8kk,Transitional,Central
Holy is the Lord,hVWBt8bfmCs,Transitional,"Central, South"
How Great Thou Art,p-hvI1nbS80,Transitional,Central
Hosanna in the Highest,hnMevXQutyE,Transitional,Central
How Great is Our God,XV4nOVmWW2A,Transitional,"Central, South"
Hum Gaaye Hosanna,vYFxLu5o1Ig,Transitional,Central
Lion and the Lamb,q1SXPODm0uE,Transitional,"Central, South"
I Can Only Imagine,ZNDEyxEMNp0,Transitional,Central
I Will Follow,mFna4pEF7M8,Transitional,Central
For Who You Are,bjxkxJnases,Transitional,Central
Everlasting God - Lincoln Brewster,jP2nz6PG8KM,Transitional,Central
Indescribable God,5IlVfkY5q54,Transitional,Central
Like a Fire,aQx5E7OG3YU,Transitional,"Central, South"
Mighty to Save,GEAcs2B-kNc,Transitional,"Central, South"
Never Let Go,J_n4Ysi5iUM,Transitional,"Central, South"
No One Like Jehovah,KFi6TobuVOg,Transitional,Central
O Come Let Us Adore Him,pIj6wtHN21s,Transitional,Central
Our God - Water You Turn Into Wine,NJpt1hSYf2o,Transitional,"Central, South"
Refiner&apos;s Fire,idA6fCAHVzs,Transitional,Central
See His Love,OUKbVuIdDSw,Transitional,"Central, South"
Songs in The Night,TfkpzWwsJp8,Transitional,"Central, South"
Stronger,PsO6ZnUZI0g,Transitional,Central
The Battle Belongs to the Lord,johgSkNj3-A,Transitional,"Central, South"
Who Am I,mBcqria2wmg,Transitional,Central
Whom Shall I Fear,qOkImV2cJDg,Transitional,Central
Wonderful So Wonderful (Beautiful One),5LH9ztB-QDA,Transitional,Central
You Are God Alone (Unstoppable),QLE71ay81tE,Transitional,Central
Prince of Peace,pnlg3zfTXZE,Transitional,Central
You Never Let Go,PgM-NIPev2w,Transitional,Central
Your Love is Amazing Steady and Unchanging,pWT3Hd6WqE0,Transitional,Central
You are worthy of my praise,bktcek7iNvE,Transitional,"Central, South"
Touch of Heaven,sWwHBZm3HIA,Transitional,Central
Give us your heart,gLYV43SBARg,Transitional,Central
Easy,sa93t5kmoUQ,Transitional,"Central, South"
Enter the holy of holies - Paul Wilbur,s4CRvAPzxjI,Worship,"Central, South"
Spirit of the Sovereign Lord - Paul Wilbur,1YAwH75vLl4,Worship,"Central, South"
Kadosh - Paul Wilbur,bSMDz1fpHxE,Worship,Central
Take me in - Petra / Kutless,y1vJrX976kQ,Worship,Central
Cornerstone - Hillsong,izrk-erhDdk,Worship,Central
Aasma se bhi - Anil Kant,3Er1Qw8zbnc,Worship,Central
Above All - Hillsong,5_cxhf5ISeg,Worship,Central
Agnus Dei,har4itYxlBg,Worship,Central
All to Jesus I Surrender,SW8EA7DEQ2M,Worship,"Central, South"
As the deer pants for,FBppKZ0eJlQ,Worship,Central
Aradhana hum karte hai,X8Gg_qGdPso,Worship,Central
Amazing Grace (My Chains are gone),Y-4NFvI5U9w,Worship,Central
"Blessing and honor, Your Name",1tkxGW1w_Nk,Worship,Central
Broken Vessels,uz9xKtRhpjc,Worship,"Central, South"
Create in me a new heart,b7Hk3WFUMvo,Worship,Central
Crown Him with many crowns,YuMh_ept-Js,Worship,Central
Father God I wonder how I managed to exist,nPT8tzdC_sw,Worship,Central
Your Grace is Enough,YvIB_veig5s,Worship,"Central, South"
Glory to Him who has saved us,65P4SVAqRP4,Worship,Central
Heart of Worship,OD4tB1o6YLw,Worship,Central
Good good Father,CqybaIesbuA,Worship,Central
Healing is here,UFSVWeCe-R4,Worship,Central
Here I am (Majesty),vNjH8QDpBFY,Worship,Central
Lovely Lord,_jIjBuuA87E,Worship,"Central, South"
Here I am to worship,6CKCThJB5w0,Worship,Central
Here in Your presence,jkkWOUZNI0U,Worship,"Central, South"
I Surrender,s7jXASBWwwI,Worship,"Central, South"
We will worship the lamb of glory - DENNIS JERNIGAN,0qXPKITolQU,Worship,Central
We will worship the lamb of glory,qmzwFA2TwUk,Worship,Central
In Christ alone,rn9-UNer6MQ,Worship,Central
No longer slaves,f8TkUMJtK5k,Worship,Central
Oceans,OP-00EwLdiU,Worship,"Central, South"
Once Again,zinU3nPNxC8,Worship,Central
Our God is an awesome God,PP9BjKnDaFk,Worship,"Central, South"
Rescue,gYR0xP1j4PY,Worship,Central
"Shout to the Lord (My Jesus, My Savior)",5_aIauL2xKA,Worship,"Central, South"
Shukriya,bZUZSLYxK5A,Worship,Central
Sings my Soul,5TQWX_EOR_g,Worship,Central
Take Me into the Holy of Holies,JuziDS_4EBI,Worship,Central
Tere paas aata hu Yeshu Tere paas,p4waaA11CcA,Worship,Central
Victor&apos;s Crown,_2nBOGA6X2g,Worship,"Central, South"
We fall down we lay our crowns,7Ge9O_HOKcE,Worship,"Central, South"
Yeshu Masih Tere Jaisa hai koi nahi,82MsQth2kPk,Worship,Central
Yeshu Naam Yeshu Naam,8Y2XpaX3aX0,Worship,Central
You Alone Are Worthy,yb9sE07i7kw,Worship,Central
You are Beautiful,oofSnsGkops,Worship,Central
You Deserve the Glory and the Honor,Asvp4ysmhVE,Worship,"Central, South"
For Your name is holy - Paul Wilbur,s4CRvAPzxjI,Worship,"Central, South"
Breath,KqNeIqvpdjw,Worship,Central
"What love, my God",CjXK9PdCpis,Worship,Central
Oh The Cross,HyR_Pnggv_A,Worship,Central
Boldly I Approach,Xx94Fg4qZr8,Worship,Central
When Wind Meets Fire,7Q5d6zvf8Q,Worship,Central
Been So Good,D3yMC_qoAes,Worship,"Central, South"
Yahweh will manifest Himself,rvKTXPQuPvs,Worship,"Central, South"
